hour,predicted ,actual,error
5,59.72620911,59.5,0.226209115
6,64.54791271,64,0.547912707
7,69.3696163,68.7,0.6696163
8,74.19131989,73.65,0.541319892
9,77.93780795,78.43,-0.492192054
10,80.46736797,82,-1.532632034
11,84.07214353,85.2,-1.127856475
12,87.67691908,87,0.676919085
13,91.28169464,90.67,0.611694644