hour,desired,output,error
5,59,58.927453,0.072547
6,63.2,63.615742,-0.415742
7,69,68.106399,0.893601
8,74.15,73.260234,0.889766
9,79.1,78.616797,0.483203
9,79.1,79.033523,0.066477
10,82.6,82.937707,-0.337707
11,86.2,86.412525,-0.212525
12,88.1,89.945769,-1.845769
13,91.1,90.840436,0.259564