hour,desired,output,error
5,60,59.726083,0.273917
6,63,64.632735,-1.632735
7,70,68.766092,1.233908
8,73,74.206889,-1.206889
9,78,78.149703,-0.149703
9,78,76.861749,1.138251
10,81.5,81.502521,-0.002521
11,85.1,85.207129,-0.107129
12,87,88.771802,-1.771802
13,90,89.685443,0.314557