hour,desired,output,error
5,60.5,59.171672,1.328328
6,62,64.297272,-2.297272
7,69.7,68.08968,1.61032
8,73.1,73.649961,-0.549961
9,77.5,78.003611,-0.503611
9,77.5,76.125605,1.374395
10,81,80.899951,0.100049
11,84.8,84.658347,0.141653
12,86.2,88.504092,-2.304092
13,92,88.559596,3.440404